{
    "__createdwith": "opl's Model Creator",
    "ambientocclusion": false,
    "textures": {
        "base": "blocks/stone",
        "banner": "entity/banner_base"
    },
    "elements": [
        {
            "from": [13.5,16,6.5],
            "to": [15,32,7.5],
            "faces": {
                "up": {
                    "uv": [11.5,0,11.75,0.25],
                    "texture": "#banner"
                },
                "west": {
                    "uv": [11,1.25,11.5,9.5],
                    "texture": "#banner"
                },
                "east": {
                    "uv": [12,1.25,12.5,9],
                    "texture": "#banner"
                },
                "north": {
                    "uv": [12.5,1.25,13,9],
                    "texture": "#banner"
                },
                "south": {
                    "uv": [11.5,1.25,12,9],
                    "texture": "#banner"
                }
            }
        },
        {
            "from": [12.5,15,7.5],
            "to": [13.5,31,8.5],
            "faces": {
                "up": {
                    "uv": [4.5,0,5,0.5],
                    "texture": "#banner"
                },
                "down": {
                    "uv": [5.5,0,6,0.5],
                    "texture": "#banner"
                },
                "west": {
                    "uv": [6,0.5,6.5,8.25],
                    "texture": "#banner"
                },
                "east": {
                    "uv": [5,0.5,5.5,8.25],
                    "texture": "#banner"
                },
                "north": {
                    "uv": [5.5,0.5,6,8.25],
                    "texture": "#banner"
                },
                "south": {
                    "uv": [4.5,0.5,5,8.25],
                    "texture": "#banner"
                }
            }
        },
        {
            "from": [10.5,16,8.5],
            "to": [12.5,30,9.5],
            "faces": {
                "up": {
                    "uv": [4.5,0,5.5,0.5],
                    "texture": "#banner"
                },
                "down": {
                    "uv": [5.5,0,6.5,0.5],
                    "texture": "#banner"
                },
                "west": {
                    "uv": [6,0.5,6.5,8.25],
                    "texture": "#banner"
                },
                "east": {
                    "uv": [4.5,1,5,7.75],
                    "texture": "#banner"
                },
                "north": {
                    "uv": [6,1,7,7.75],
                    "texture": "#banner"
                },
                "south": {
                    "uv": [3.5,1,4.5,7.75],
                    "texture": "#banner"
                }
            }
        },
        {
            "from": [8.5,17,9.5],
            "to": [10.5,29,10.5],
            "faces": {
                "up": {
                    "uv": [5.5,0,6.5,0.5],
                    "texture": "#banner"
                },
                "down": {
                    "uv": [3.5,0,4.5,0.5],
                    "texture": "#banner"
                },
                "west": {
                    "uv": [6,0.5,6.5,8.25],
                    "texture": "#banner"
                },
                "east": {
                    "uv": [5.5,0.5,6,6.25],
                    "texture": "#banner"
                },
                "north": {
                    "uv": [7,1.5,8,7.25],
                    "texture": "#banner"
                },
                "south": {
                    "uv": [2.5,1.5,3.5,7.25],
                    "texture": "#banner"
                }
            }
        },
        {
            "from": [3.5,20,7.5],
            "to": [4.5,26,8.5],
            "faces": {
                "up": {
                    "uv": [1,0,2,0.5],
                    "texture": "#banner"
                },
                "down": {
                    "uv": [0.5,0,1,0.5],
                    "texture": "#banner"
                },
                "west": {
                    "uv": [6,0.5,6.5,8.25],
                    "texture": "#banner"
                },
                "east": {
                    "uv": [4.5,0.5,5,2.5],
                    "texture": "#banner"
                },
                "north": {
                    "uv": [9.5,6.75,10,9.5],
                    "texture": "#banner"
                },
                "south": {
                    "uv": [0,2.75,0.5,5.75],
                    "texture": "#banner"
                }
            }
        },
        {
            "from": [1.5,21,6.5],
            "to": [3.5,25,7.5],
            "faces": {
                "up": {
                    "uv": [4.5,0,5.5,0.5],
                    "texture": "#banner"
                },
                "down": {
                    "uv": [1,0,2,0.5],
                    "texture": "#banner"
                },
                "west": {
                    "uv": [6,0.5,6.5,8.25],
                    "texture": "#banner"
                },
                "east": {
                    "uv": [4,0.5,4.5,1.5],
                    "texture": "#banner"
                },
                "north": {
                    "uv": [7.5,3.5,8.5,5.5],
                    "texture": "#banner"
                },
                "south": {
                    "uv": [4.5,6.25,5.5,8.25],
                    "texture": "#banner"
                }
            }
        },
        {
            "from": [0.5,22,7.5],
            "to": [1.5,24,8.5],
            "faces": {
                "up": {
                    "uv": [6,0,7,0.5],
                    "texture": "#banner"
                },
                "down": {
                    "uv": [5.5,0,6,0.5],
                    "texture": "#banner"
                },
                "west": {
                    "uv": [6,7.25,6.5,8.25],
                    "texture": "#banner"
                },
                "east": {
                    "uv": [2.5,0.5,3,1.5],
                    "texture": "#banner"
                },
                "north": {
                    "uv": [5.5,5.5,6,6.5],
                    "texture": "#banner"
                },
                "south": {
                    "uv": [0.5,3.25,1,4.25],
                    "texture": "#banner"
                }
            }
        },
        {
            "from": [6.5,18,9.5],
            "to": [8.5,28,10.5],
            "faces": {
                "up": {
                    "uv": [6.25,0,7.25,0.5],
                    "texture": "#banner"
                },
                "down": {
                    "uv": [6.5,0,7.5,0.5],
                    "texture": "#banner"
                },
                "west": {
                    "uv": [6,0.5,6.5,8.25],
                    "texture": "#banner"
                },
                "east": {
                    "uv": [5,0.5,5.5,8.25],
                    "texture": "#banner"
                },
                "north": {
                    "uv": [8,2,9,6.75],
                    "texture": "#banner"
                },
                "south": {
                    "uv": [1.5,2,2.5,6.75],
                    "texture": "#banner"
                }
            }
        },
        {
            "from": [13.5,0,6.5],
            "to": [14.5,16,7.5],
            "faces": {
                "west": {
                    "uv": [11,1.25,11.5,9.5],
                    "texture": "#banner"
                },
                "east": {
                    "uv": [12,1.25,12.5,9],
                    "texture": "#banner"
                },
                "north": {
                    "uv": [12.5,1.25,13,9],
                    "texture": "#banner"
                },
                "south": {
                    "uv": [11.5,1.25,12,9],
                    "texture": "#banner"
                }
            }
        },
        {
            "from": [4.5,19,8.5],
            "to": [6.5,27,9.5],
            "faces": {
                "up": {
                    "uv": [3.5,0,4.5,0.5],
                    "texture": "#banner"
                },
                "down": {
                    "uv": [6.5,0,7.5,0.5],
                    "texture": "#banner"
                },
                "west": {
                    "uv": [6,0.5,6.5,8.25],
                    "texture": "#banner"
                },
                "east": {
                    "uv": [1.75,0.5,2.25,3.5],
                    "texture": "#banner"
                },
                "north": {
                    "uv": [9,2.5,10,6.25],
                    "texture": "#banner"
                },
                "south": {
                    "uv": [0.5,2.25,1.5,6.25],
                    "texture": "#banner"
                }
            }
        }
    ]
}