{
    "__createdwith": "opl's Model Creator",
    "ambientocclusion": false,
    "elements": [
        {
            "from": [1,1,1],
            "to": [15,15,15],
            "faces": {
                "up": {
                    "uv": [1,1.166667,15,15],
                    "texture": "#texture"
                },
                "down": {
                    "uv": [1,1.1666667,15,15],
                    "texture": "#texture"
                },
                "west": {
                    "uv": [1,1,15,15],
                    "texture": "#texture"
                },
                "east": {
                    "uv": [1,1.166667,15,15],
                    "texture": "#texture"
                },
                "north": {
                    "uv": [1,1.166667,15,15],
                    "texture": "#texture"
                },
                "south": {
                    "uv": [1,1.166667,15,15],
                    "texture": "#texture"
                }
            }
        },
        {
            "from": [0,1,7],
            "to": [16,15,9],
            "faces": {
                "west": {
                    "texture": "#texture"
                },
                "east": {
                    "texture": "#texture"
                },
                "north": {
                    "texture": "#texture"
                },
                "south": {
                    "texture": "#texture"
                }
            }
        },
        {
            "from": [7,1,0],
            "to": [9,15,16],
            "faces": {
                "west": {
                    "texture": "#texture"
                },
                "east": {
                    "texture": "#texture"
                },
                "north": {
                    "texture": "#texture"
                },
                "south": {
                    "texture": "#texture"
                }
            }
        },
        {
            "from": [1,0,7],
            "to": [15,16,9],
            "faces": {
                "up": {
                    "texture": "#texture"
                },
                "down": {
                    "texture": "#texture"
                },
                "north": {
                    "texture": "#texture"
                },
                "south": {
                    "texture": "#texture"
                }
            }
        },
        {
            "from": [15,15,2],
            "to": [16,16,14],
            "faces": {
                "up": {
                    "texture": "#texture"
                },
                "down": {
                    "texture": "#texture"
                },
                "west": {
                    "texture": "#texture"
                },
                "east": {
                    "texture": "#texture"
                }
            }
        },
        {
            "from": [15,0,2],
            "to": [16,1,14],
            "faces": {
                "up": {
                    "texture": "#texture"
                },
                "down": {
                    "texture": "#texture"
                },
                "west": {
                    "texture": "#texture"
                },
                "east": {
                    "texture": "#texture"
                }
            }
        },
        {
            "from": [0,0,2],
            "to": [1,1,14],
            "faces": {
                "up": {
                    "texture": "#texture"
                },
                "down": {
                    "texture": "#texture"
                },
                "west": {
                    "texture": "#texture"
                },
                "east": {
                    "texture": "#texture"
                }
            }
        },
        {
            "from": [0,15,2],
            "to": [1,16,14],
            "faces": {
                "up": {
                    "texture": "#texture"
                },
                "down": {
                    "texture": "#texture"
                },
                "west": {
                    "texture": "#texture"
                },
                "east": {
                    "texture": "#texture"
                }
            }
        },
        {
            "from": [2,15,15],
            "to": [14,16,16],
            "faces": {
                "up": {
                    "texture": "#texture"
                },
                "down": {
                    "texture": "#texture"
                },
                "north": {
                    "texture": "#texture"
                },
                "south": {
                    "texture": "#texture"
                }
            }
        },
        {
            "from": [2,0,15],
            "to": [14,1,16],
            "faces": {
                "up": {
                    "texture": "#texture"
                },
                "down": {
                    "texture": "#texture"
                },
                "north": {
                    "texture": "#texture"
                },
                "south": {
                    "texture": "#texture"
                }
            }
        },
        {
            "from": [2,0,0],
            "to": [14,1,1],
            "faces": {
                "up": {
                    "texture": "#texture"
                },
                "down": {
                    "texture": "#texture"
                },
                "north": {
                    "texture": "#texture"
                },
                "south": {
                    "texture": "#texture"
                }
            }
        },
        {
            "from": [2,15,0],
            "to": [14,16,1],
            "faces": {
                "up": {
                    "texture": "#texture"
                },
                "down": {
                    "texture": "#texture"
                },
                "north": {
                    "texture": "#texture"
                },
                "south": {
                    "texture": "#texture"
                }
            }
        },
        {
            "from": [0,2,0],
            "to": [1,14,1],
            "faces": {
                "west": {
                    "texture": "#texture"
                },
                "east": {
                    "texture": "#texture"
                },
                "north": {
                    "texture": "#texture"
                },
                "south": {
                    "texture": "#texture"
                }
            }
        },
        {
            "from": [15,2,0],
            "to": [16,14,1],
            "faces": {
                "west": {
                    "texture": "#texture"
                },
                "east": {
                    "texture": "#texture"
                },
                "north": {
                    "texture": "#texture"
                },
                "south": {
                    "texture": "#texture"
                }
            }
        },
        {
            "from": [0,2,15],
            "to": [1,14,16],
            "faces": {
                "west": {
                    "texture": "#texture"
                },
                "east": {
                    "texture": "#texture"
                },
                "north": {
                    "texture": "#texture"
                },
                "south": {
                    "texture": "#texture"
                }
            }
        },
        {
            "from": [15,2,15],
            "to": [16,14,16],
            "faces": {
                "west": {
                    "texture": "#texture"
                },
                "east": {
                    "texture": "#texture"
                },
                "north": {
                    "texture": "#texture"
                },
                "south": {
                    "texture": "#texture"
                }
            }
        },
        {
            "from": [14,14,14],
            "to": [16,16,16],
            "faces": {
                "up": {
                    "texture": "#texture"
                },
                "east": {
                    "uv": [0,0,2,2],
                    "texture": "#texture"
                },
                "south": {
                    "texture": "#texture"
                }
            }
        },
        {
            "from": [0,14,14],
            "to": [2,16,16],
            "faces": {
                "up": {
                    "texture": "#texture"
                },
                "west": {
                    "texture": "#texture"
                },
                "south": {
                    "texture": "#texture"
                }
            }
        },
        {
            "from": [0,0,14],
            "to": [2,2,16],
            "faces": {
                "down": {
                    "uv": [0,0,2,2],
                    "texture": "#texture"
                },
                "west": {
                    "texture": "#texture"
                },
                "south": {
                    "texture": "#texture"
                }
            }
        },
        {
            "from": [14,0,14],
            "to": [16,2,16],
            "faces": {
                "down": {
                    "uv": [14,0,16,2],
                    "texture": "#texture"
                },
                "east": {
                    "uv": [0,14,2,16],
                    "texture": "#texture"
                },
                "south": {
                    "texture": "#texture"
                }
            }
        },
        {
            "from": [0,0,0],
            "to": [2,2,2],
            "faces": {
                "down": {
                    "uv": [0,14,2,16],
                    "texture": "#texture"
                },
                "west": {
                    "texture": "#texture"
                },
                "north": {
                    "uv": [14,14,16,16],
                    "texture": "#texture"
                }
            }
        },
        {
            "from": [14,0,0],
            "to": [16,2,2],
            "faces": {
                "down": {
                    "uv": [14,14,16,16],
                    "texture": "#texture"
                },
                "east": {
                    "uv": [14,14,16,16],
                    "texture": "#texture"
                },
                "north": {
                    "uv": [0,14,2,16],
                    "texture": "#texture"
                }
            }
        },
        {
            "from": [0,14,0],
            "to": [2,16,2],
            "faces": {
                "up": {
                    "texture": "#texture"
                },
                "west": {
                    "texture": "#texture"
                },
                "north": {
                    "uv": [14,0,16,2],
                    "texture": "#texture"
                }
            }
        },
        {
            "from": [14,14,0],
            "to": [16,16,2],
            "faces": {
                "up": {
                    "texture": "#texture"
                },
                "east": {
                    "uv": [14,0,16,2],
                    "texture": "#texture"
                },
                "north": {
                    "uv": [0,0,2,2],
                    "texture": "#texture"
                }
            }
        },
        {
            "from": [1,13,0],
            "to": [2,14,16],
            "faces": {
                "down": {
                    "texture": "#texture"
                },
                "east": {
                    "texture": "#texture"
                },
                "north": {
                    "texture": "#texture"
                },
                "south": {
                    "texture": "#texture"
                }
            }
        },
        {
            "from": [2,14,0],
            "to": [3,15,16],
            "faces": {
                "down": {
                    "texture": "#texture"
                },
                "east": {
                    "texture": "#texture"
                },
                "north": {
                    "texture": "#texture"
                },
                "south": {
                    "texture": "#texture"
                }
            }
        },
        {
            "from": [14,13,0],
            "to": [15,14,16],
            "faces": {
                "down": {
                    "texture": "#texture"
                },
                "west": {
                    "texture": "#texture"
                },
                "north": {
                    "texture": "#texture"
                },
                "south": {
                    "texture": "#texture"
                }
            }
        },
        {
            "from": [13,14,0],
            "to": [14,15,16],
            "faces": {
                "down": {
                    "texture": "#texture"
                },
                "west": {
                    "texture": "#texture"
                },
                "north": {
                    "texture": "#texture"
                },
                "south": {
                    "texture": "#texture"
                }
            }
        },
        {
            "from": [13,1,0],
            "to": [14,2,16],
            "faces": {
                "up": {
                    "texture": "#texture"
                },
                "west": {
                    "texture": "#texture"
                },
                "north": {
                    "texture": "#texture"
                },
                "south": {
                    "texture": "#texture"
                }
            }
        },
        {
            "from": [14,2,0],
            "to": [15,3,16],
            "faces": {
                "up": {
                    "texture": "#texture"
                },
                "west": {
                    "texture": "#texture"
                },
                "north": {
                    "texture": "#texture"
                },
                "south": {
                    "texture": "#texture"
                }
            }
        },
        {
            "from": [2,1,0],
            "to": [3,2,16],
            "faces": {
                "up": {
                    "texture": "#texture"
                },
                "east": {
                    "texture": "#texture"
                },
                "north": {
                    "texture": "#texture"
                },
                "south": {
                    "texture": "#texture"
                }
            }
        },
        {
            "from": [1,2,0],
            "to": [2,3,16],
            "faces": {
                "up": {
                    "texture": "#texture"
                },
                "east": {
                    "texture": "#texture"
                },
                "north": {
                    "texture": "#texture"
                },
                "south": {
                    "texture": "#texture"
                }
            }
        },
        {
            "from": [0,13,1],
            "to": [16,14,2],
            "faces": {
                "down": {
                    "texture": "#texture"
                },
                "west": {
                    "texture": "#texture"
                },
                "east": {
                    "texture": "#texture"
                },
                "south": {
                    "texture": "#texture"
                }
            }
        },
        {
            "from": [0,14,2],
            "to": [16,15,3],
            "faces": {
                "down": {
                    "texture": "#texture"
                },
                "west": {
                    "texture": "#texture"
                },
                "east": {
                    "texture": "#texture"
                },
                "south": {
                    "texture": "#texture"
                }
            }
        },
        {
            "from": [0,14,13],
            "to": [16,15,14],
            "faces": {
                "down": {
                    "texture": "#texture"
                },
                "west": {
                    "texture": "#texture"
                },
                "east": {
                    "texture": "#texture"
                },
                "north": {
                    "texture": "#texture"
                }
            }
        },
        {
            "from": [0,13,14],
            "to": [16,14,15],
            "faces": {
                "down": {
                    "texture": "#texture"
                },
                "west": {
                    "texture": "#texture"
                },
                "east": {
                    "texture": "#texture"
                },
                "north": {
                    "texture": "#texture"
                }
            }
        },
        {
            "from": [0,2,14],
            "to": [16,3,15],
            "faces": {
                "up": {
                    "texture": "#texture"
                },
                "west": {
                    "texture": "#texture"
                },
                "east": {
                    "texture": "#texture"
                },
                "north": {
                    "texture": "#texture"
                }
            }
        },
        {
            "from": [0,1,13],
            "to": [16,2,14],
            "faces": {
                "up": {
                    "texture": "#texture"
                },
                "west": {
                    "texture": "#texture"
                },
                "east": {
                    "texture": "#texture"
                },
                "north": {
                    "texture": "#texture"
                }
            }
        },
        {
            "from": [0,1,2],
            "to": [16,2,3],
            "faces": {
                "up": {
                    "texture": "#texture"
                },
                "west": {
                    "texture": "#texture"
                },
                "east": {
                    "texture": "#texture"
                },
                "south": {
                    "texture": "#texture"
                }
            }
        },
        {
            "from": [0,2,1],
            "to": [16,3,2],
            "faces": {
                "up": {
                    "texture": "#texture"
                },
                "west": {
                    "texture": "#texture"
                },
                "east": {
                    "texture": "#texture"
                },
                "south": {
                    "texture": "#texture"
                }
            }
        },
        {
            "from": [2,0,1],
            "to": [3,16,2],
            "faces": {
                "up": {
                    "texture": "#texture"
                },
                "down": {
                    "texture": "#texture"
                },
                "east": {
                    "texture": "#texture"
                },
                "south": {
                    "texture": "#texture"
                }
            }
        },
        {
            "from": [1,0,2],
            "to": [2,16,3],
            "faces": {
                "up": {
                    "texture": "#texture"
                },
                "down": {
                    "texture": "#texture"
                },
                "east": {
                    "texture": "#texture"
                },
                "south": {
                    "texture": "#texture"
                }
            }
        },
        {
            "from": [1,0,13],
            "to": [2,16,14],
            "faces": {
                "up": {
                    "texture": "#texture"
                },
                "down": {
                    "texture": "#texture"
                },
                "east": {
                    "texture": "#texture"
                },
                "north": {
                    "texture": "#texture"
                }
            }
        },
        {
            "from": [2,0,14],
            "to": [3,16,15],
            "faces": {
                "up": {
                    "texture": "#texture"
                },
                "down": {
                    "texture": "#texture"
                },
                "east": {
                    "texture": "#texture"
                },
                "north": {
                    "texture": "#texture"
                }
            }
        },
        {
            "from": [14,0,13],
            "to": [15,16,14],
            "faces": {
                "up": {
                    "texture": "#texture"
                },
                "down": {
                    "texture": "#texture"
                },
                "west": {
                    "texture": "#texture"
                },
                "north": {
                    "texture": "#texture"
                }
            }
        },
        {
            "from": [13,0,14],
            "to": [14,16,15],
            "faces": {
                "up": {
                    "texture": "#texture"
                },
                "down": {
                    "texture": "#texture"
                },
                "west": {
                    "texture": "#texture"
                },
                "north": {
                    "texture": "#texture"
                }
            }
        },
        {
            "from": [14,0,2],
            "to": [15,16,3],
            "faces": {
                "up": {
                    "texture": "#texture"
                },
                "down": {
                    "texture": "#texture"
                },
                "west": {
                    "texture": "#texture"
                },
                "south": {
                    "texture": "#texture"
                }
            }
        },
        {
            "from": [13,0,1],
            "to": [14,16,2],
            "faces": {
                "up": {
                    "texture": "#texture"
                },
                "down": {
                    "texture": "#texture"
                },
                "west": {
                    "texture": "#texture"
                },
                "south": {
                    "texture": "#texture"
                }
            }
        },
        {
            "from": [7,0,9],
            "to": [9,16,15],
            "faces": {
                "up": {
                    "texture": "#texture"
                },
                "down": {
                    "texture": "#texture"
                },
                "west": {
                    "texture": "#texture"
                },
                "east": {
                    "texture": "#texture"
                }
            }
        },
        {
            "from": [7,0,1],
            "to": [9,16,7],
            "faces": {
                "up": {
                    "texture": "#texture"
                },
                "down": {
                    "texture": "#texture"
                },
                "west": {
                    "texture": "#texture"
                },
                "east": {
                    "texture": "#texture"
                }
            }
        },
        {
            "from": [0,7,9],
            "to": [16,9,15],
            "faces": {
                "up": {
                    "texture": "#texture"
                },
                "down": {
                    "texture": "#texture"
                },
                "west": {
                    "texture": "#texture"
                },
                "east": {
                    "texture": "#texture"
                }
            }
        },
        {
            "from": [0,7,1],
            "to": [16,9,7],
            "faces": {
                "up": {
                    "texture": "#texture"
                },
                "down": {
                    "texture": "#texture"
                },
                "west": {
                    "texture": "#texture"
                },
                "east": {
                    "texture": "#texture"
                }
            }
        },
        {
            "from": [9,7,0],
            "to": [15,9,16],
            "faces": {
                "up": {
                    "texture": "#texture"
                },
                "down": {
                    "texture": "#texture"
                },
                "north": {
                    "texture": "#texture"
                },
                "south": {
                    "texture": "#texture"
                }
            }
        },
        {
            "from": [1,7,0],
            "to": [7,9,16],
            "faces": {
                "up": {
                    "texture": "#texture"
                },
                "down": {
                    "texture": "#texture"
                },
                "north": {
                    "texture": "#texture"
                },
                "south": {
                    "texture": "#texture"
                }
            }
        },
        {
            "from": [9,9,0],
            "to": [10,10,16],
            "faces": {
                "up": {
                    "texture": "#texture"
                },
                "east": {
                    "texture": "#texture"
                },
                "north": {
                    "texture": "#texture"
                },
                "south": {
                    "texture": "#texture"
                }
            }
        },
        {
            "from": [6,9,0],
            "to": [7,10,16],
            "faces": {
                "up": {
                    "texture": "#texture"
                },
                "west": {
                    "texture": "#texture"
                },
                "north": {
                    "texture": "#texture"
                },
                "south": {
                    "texture": "#texture"
                }
            }
        },
        {
            "from": [6,6,0],
            "to": [7,7,16],
            "faces": {
                "down": {
                    "texture": "#texture"
                },
                "west": {
                    "texture": "#texture"
                },
                "north": {
                    "texture": "#texture"
                },
                "south": {
                    "texture": "#texture"
                }
            }
        },
        {
            "from": [9,6,0],
            "to": [10,7,16],
            "faces": {
                "down": {
                    "texture": "#texture"
                },
                "east": {
                    "texture": "#texture"
                },
                "north": {
                    "texture": "#texture"
                },
                "south": {
                    "texture": "#texture"
                }
            }
        },
        {
            "from": [0,6,9],
            "to": [16,7,10],
            "faces": {
                "down": {
                    "texture": "#texture"
                },
                "west": {
                    "texture": "#texture"
                },
                "east": {
                    "texture": "#texture"
                },
                "south": {
                    "texture": "#texture"
                }
            }
        },
        {
            "from": [0,6,6],
            "to": [16,7,7],
            "faces": {
                "down": {
                    "texture": "#texture"
                },
                "west": {
                    "texture": "#texture"
                },
                "east": {
                    "texture": "#texture"
                },
                "north": {
                    "texture": "#texture"
                }
            }
        },
        {
            "from": [0,9,9],
            "to": [16,10,10],
            "faces": {
                "up": {
                    "texture": "#texture"
                },
                "west": {
                    "texture": "#texture"
                },
                "east": {
                    "texture": "#texture"
                },
                "south": {
                    "texture": "#texture"
                }
            }
        },
        {
            "from": [0,9,6],
            "to": [16,10,7],
            "faces": {
                "up": {
                    "texture": "#texture"
                },
                "west": {
                    "texture": "#texture"
                },
                "east": {
                    "texture": "#texture"
                },
                "north": {
                    "texture": "#texture"
                }
            }
        },
        {
            "from": [9,0,6],
            "to": [10,16,7],
            "faces": {
                "up": {
                    "texture": "#texture"
                },
                "down": {
                    "texture": "#texture"
                },
                "east": {
                    "texture": "#texture"
                },
                "north": {
                    "texture": "#texture"
                }
            }
        },
        {
            "from": [6,0,9],
            "to": [7,16,10],
            "faces": {
                "up": {
                    "texture": "#texture"
                },
                "down": {
                    "texture": "#texture"
                },
                "west": {
                    "texture": "#texture"
                },
                "south": {
                    "texture": "#texture"
                }
            }
        },
        {
            "from": [9,0,9],
            "to": [10,16,10],
            "faces": {
                "up": {
                    "texture": "#texture"
                },
                "down": {
                    "texture": "#texture"
                },
                "east": {
                    "texture": "#texture"
                },
                "south": {
                    "texture": "#texture"
                }
            }
        },
        {
            "from": [6,0,6],
            "to": [7,16,7],
            "faces": {
                "up": {
                    "texture": "#texture"
                },
                "down": {
                    "texture": "#texture"
                },
                "west": {
                    "texture": "#texture"
                },
                "north": {
                    "texture": "#texture"
                }
            }
        }
    ]
}