{
    "__createdwith": "opl's Model Creator",
    "ambientocclusion": false,
    "textures": {
        "particle": "blocks/end_stone",
        "texture": "blocks/end_stone"
    },
    "elements": [
        {
            "from": [1,1,1],
            "to": [15,15,15],
            "faces": {
                "up": {
                    "uv": [1,1.166667,15,15],
                    "texture": "#texture",
                    "cullface": up
                },
                "down": {
                    "uv": [1,1.1666667,15,15],
                    "texture": "#texture",
                    "cullface": down
                },
                "west": {
                    "texture": "#texture",
                    "cullface": west
                },
                "east": {
                    "uv": [1,1.166667,15,15],
                    "texture": "#texture",
                    "cullface": east
                },
                "north": {
                    "uv": [1,1.166667,15,15],
                    "texture": "#texture",
                    "cullface": north
                },
                "south": {
                    "uv": [1,1.166667,15,15],
                    "texture": "#texture",
                    "cullface": south
                }
            }
        },
        {
            "from": [15,1,7],
            "to": [16,15,9],
            "faces": {
                "east": {
                    "texture": "#texture",
                    "cullface": east
                },
                "north": {
                    "texture": "#texture",
                    "cullface": east
                },
                "south": {
                    "texture": "#texture",
                    "cullface": east
                }
            }
        },
        {
            "from": [7,1,15],
            "to": [9,15,16],
            "faces": {
                "west": {
                    "texture": "#texture",
                    "cullface": south
                },
                "east": {
                    "texture": "#texture",
                    "cullface": south
                },
                "south": {
                    "texture": "#texture",
                    "cullface": south
                }
            }
        },
        {
            "from": [1,0,7],
            "to": [15,1,9],
            "faces": {
                "down": {
                    "texture": "#texture",
                    "cullface": down
                },
                "north": {
                    "texture": "#texture",
                    "cullface": down
                },
                "south": {
                    "texture": "#texture",
                    "cullface": down
                }
            }
        },
        {
            "from": [15,15,2],
            "to": [16,16,14],
            "faces": {
                "up": {
                    "texture": "#texture",
                    "cullface": up
                },
                "down": {
                    "texture": "#texture",
                    "cullface": east
                },
                "west": {
                    "texture": "#texture",
                    "cullface": up
                },
                "east": {
                    "texture": "#texture",
                    "cullface": east
                }
            }
        },
        {
            "from": [15,0,2],
            "to": [16,1,14],
            "faces": {
                "up": {
                    "texture": "#texture",
                    "cullface": east
                },
                "down": {
                    "texture": "#texture",
                    "cullface": down
                },
                "west": {
                    "texture": "#texture",
                    "cullface": down
                },
                "east": {
                    "texture": "#texture",
                    "cullface": east
                }
            }
        },
        {
            "from": [0,0,2],
            "to": [1,1,14],
            "faces": {
                "up": {
                    "texture": "#texture",
                    "cullface": west
                },
                "down": {
                    "texture": "#texture",
                    "cullface": down
                },
                "west": {
                    "texture": "#texture",
                    "cullface": west
                },
                "east": {
                    "texture": "#texture",
                    "cullface": down
                }
            }
        },
        {
            "from": [0,15,2],
            "to": [1,16,14],
            "faces": {
                "up": {
                    "texture": "#texture",
                    "cullface": up
                },
                "down": {
                    "texture": "#texture",
                    "cullface": west
                },
                "west": {
                    "texture": "#texture",
                    "cullface": west
                },
                "east": {
                    "texture": "#texture",
                    "cullface": up
                }
            }
        },
        {
            "from": [2,15,15],
            "to": [14,16,16],
            "faces": {
                "up": {
                    "texture": "#texture",
                    "cullface": up
                },
                "down": {
                    "texture": "#texture",
                    "cullface": south
                },
                "north": {
                    "texture": "#texture",
                    "cullface": up
                },
                "south": {
                    "texture": "#texture",
                    "cullface": south
                }
            }
        },
        {
            "from": [2,0,15],
            "to": [14,1,16],
            "faces": {
                "up": {
                    "texture": "#texture",
                    "cullface": south
                },
                "down": {
                    "texture": "#texture",
                    "cullface": down
                },
                "north": {
                    "texture": "#texture",
                    "cullface": down
                },
                "south": {
                    "texture": "#texture",
                    "cullface": south
                }
            }
        },
        {
            "from": [2,0,0],
            "to": [14,1,1],
            "faces": {
                "up": {
                    "texture": "#texture",
                    "cullface": north
                },
                "down": {
                    "texture": "#texture",
                    "cullface": down
                },
                "north": {
                    "texture": "#texture",
                    "cullface": north
                },
                "south": {
                    "texture": "#texture",
                    "cullface": down
                }
            }
        },
        {
            "from": [2,15,0],
            "to": [14,16,1],
            "faces": {
                "up": {
                    "texture": "#texture",
                    "cullface": up
                },
                "down": {
                    "texture": "#texture",
                    "cullface": north
                },
                "north": {
                    "texture": "#texture",
                    "cullface": north
                },
                "south": {
                    "texture": "#texture",
                    "cullface": up
                }
            }
        },
        {
            "from": [0,2,0],
            "to": [1,14,1],
            "faces": {
                "west": {
                    "texture": "#texture",
                    "cullface": west
                },
                "east": {
                    "texture": "#texture",
                    "cullface": north
                },
                "north": {
                    "texture": "#texture",
                    "cullface": north
                },
                "south": {
                    "texture": "#texture",
                    "cullface": west
                }
            }
        },
        {
            "from": [15,2,0],
            "to": [16,14,1],
            "faces": {
                "west": {
                    "texture": "#texture",
                    "cullface": north
                },
                "east": {
                    "texture": "#texture",
                    "cullface": east
                },
                "north": {
                    "texture": "#texture",
                    "cullface": north
                },
                "south": {
                    "texture": "#texture",
                    "cullface": east
                }
            }
        },
        {
            "from": [0,2,15],
            "to": [1,14,16],
            "faces": {
                "west": {
                    "texture": "#texture",
                    "cullface": west
                },
                "east": {
                    "texture": "#texture",
                    "cullface": south
                },
                "north": {
                    "texture": "#texture",
                    "cullface": west
                },
                "south": {
                    "texture": "#texture",
                    "cullface": south
                }
            }
        },
        {
            "from": [15,2,15],
            "to": [16,14,16],
            "faces": {
                "west": {
                    "texture": "#texture",
                    "cullface": south
                },
                "east": {
                    "texture": "#texture",
                    "cullface": east
                },
                "north": {
                    "texture": "#texture",
                    "cullface": east
                },
                "south": {
                    "texture": "#texture",
                    "cullface": south
                }
            }
        },
        {
            "from": [14,14,14],
            "to": [16,16,16],
            "faces": {
                "up": {
                    "texture": "#texture",
                    "cullface": up
                },
                "east": {
                    "uv": [0,0,2,2],
                    "texture": "#texture",
                    "cullface": east
                },
                "south": {
                    "texture": "#texture",
                    "cullface": south
                }
            }
        },
        {
            "from": [0,14,14],
            "to": [2,16,16],
            "faces": {
                "up": {
                    "texture": "#texture",
                    "cullface": up
                },
                "west": {
                    "texture": "#texture",
                    "cullface": west
                },
                "south": {
                    "texture": "#texture",
                    "cullface": south
                }
            }
        },
        {
            "from": [0,0,14],
            "to": [2,2,16],
            "faces": {
                "down": {
                    "uv": [0,0,2,2],
                    "texture": "#texture",
                    "cullface": down
                },
                "west": {
                    "texture": "#texture",
                    "cullface": west
                },
                "south": {
                    "texture": "#texture",
                    "cullface": south
                }
            }
        },
        {
            "from": [14,0,14],
            "to": [16,2,16],
            "faces": {
                "down": {
                    "uv": [14,0,16,2],
                    "texture": "#texture",
                    "cullface": down
                },
                "east": {
                    "uv": [0,14,2,16],
                    "texture": "#texture",
                    "cullface": east
                },
                "south": {
                    "texture": "#texture",
                    "cullface": south
                }
            }
        },
        {
            "from": [0,0,0],
            "to": [2,2,2],
            "faces": {
                "down": {
                    "uv": [0,14,2,16],
                    "texture": "#texture",
                    "cullface": down
                },
                "west": {
                    "texture": "#texture",
                    "cullface": west
                },
                "north": {
                    "uv": [14,14,16,16],
                    "texture": "#texture",
                    "cullface": north
                }
            }
        },
        {
            "from": [14,0,0],
            "to": [16,2,2],
            "faces": {
                "down": {
                    "uv": [14,14,16,16],
                    "texture": "#texture",
                    "cullface": down
                },
                "east": {
                    "uv": [14,14,16,16],
                    "texture": "#texture",
                    "cullface": east
                },
                "north": {
                    "uv": [0,14,2,16],
                    "texture": "#texture",
                    "cullface": north
                }
            }
        },
        {
            "from": [0,14,0],
            "to": [2,16,2],
            "faces": {
                "up": {
                    "texture": "#texture",
                    "cullface": up
                },
                "west": {
                    "texture": "#texture",
                    "cullface": west
                },
                "north": {
                    "uv": [14,0,16,2],
                    "texture": "#texture",
                    "cullface": north
                }
            }
        },
        {
            "from": [14,14,0],
            "to": [16,16,2],
            "faces": {
                "up": {
                    "texture": "#texture",
                    "cullface": up
                },
                "east": {
                    "uv": [14,0,16,2],
                    "texture": "#texture",
                    "cullface": east
                },
                "north": {
                    "uv": [0,0,2,2],
                    "texture": "#texture",
                    "cullface": north
                }
            }
        },
        {
            "from": [1,13,0],
            "to": [2,14,1],
            "faces": {
                "down": {
                    "texture": "#texture",
                    "cullface": north
                },
                "east": {
                    "texture": "#texture",
                    "cullface": north
                },
                "north": {
                    "texture": "#texture",
                    "cullface": north
                }
            }
        },
        {
            "from": [2,14,0],
            "to": [3,15,1],
            "faces": {
                "down": {
                    "texture": "#texture",
                    "cullface": north
                },
                "east": {
                    "texture": "#texture",
                    "cullface": north
                },
                "north": {
                    "texture": "#texture",
                    "cullface": north
                }
            }
        },
        {
            "from": [14,13,0],
            "to": [15,14,1],
            "faces": {
                "down": {
                    "texture": "#texture",
                    "cullface": north
                },
                "west": {
                    "texture": "#texture",
                    "cullface": north
                },
                "north": {
                    "texture": "#texture",
                    "cullface": north
                }
            }
        },
        {
            "from": [13,14,0],
            "to": [14,15,1],
            "faces": {
                "down": {
                    "texture": "#texture",
                    "cullface": north
                },
                "west": {
                    "texture": "#texture",
                    "cullface": north
                },
                "north": {
                    "texture": "#texture",
                    "cullface": north
                }
            }
        },
        {
            "from": [13,1,0],
            "to": [14,2,1],
            "faces": {
                "up": {
                    "texture": "#texture",
                    "cullface": north
                },
                "west": {
                    "texture": "#texture",
                    "cullface": north
                },
                "north": {
                    "texture": "#texture",
                    "cullface": north
                }
            }
        },
        {
            "from": [14,2,0],
            "to": [15,3,1],
            "faces": {
                "up": {
                    "texture": "#texture",
                    "cullface": north
                },
                "west": {
                    "texture": "#texture",
                    "cullface": north
                },
                "north": {
                    "texture": "#texture",
                    "cullface": north
                }
            }
        },
        {
            "from": [2,1,0],
            "to": [3,2,1],
            "faces": {
                "up": {
                    "texture": "#texture",
                    "cullface": north
                },
                "east": {
                    "texture": "#texture",
                    "cullface": north
                },
                "north": {
                    "texture": "#texture",
                    "cullface": north
                }
            }
        },
        {
            "from": [1,2,0],
            "to": [2,3,1],
            "faces": {
                "up": {
                    "texture": "#texture",
                    "cullface": north
                },
                "east": {
                    "texture": "#texture",
                    "cullface": north
                },
                "north": {
                    "texture": "#texture",
                    "cullface": north
                }
            }
        },
        {
            "from": [15,13,1],
            "to": [16,14,2],
            "faces": {
                "down": {
                    "texture": "#texture",
                    "cullface": east
                },
                "east": {
                    "texture": "#texture",
                    "cullface": east
                },
                "south": {
                    "texture": "#texture",
                    "cullface": east
                }
            }
        },
        {
            "from": [15,14,2],
            "to": [16,15,3],
            "faces": {
                "down": {
                    "texture": "#texture",
                    "cullface": east
                },
                "east": {
                    "texture": "#texture",
                    "cullface": east
                },
                "south": {
                    "texture": "#texture",
                    "cullface": east
                }
            }
        },
        {
            "from": [15,14,13],
            "to": [16,15,14],
            "faces": {
                "down": {
                    "texture": "#texture",
                    "cullface": east
                },
                "east": {
                    "texture": "#texture",
                    "cullface": east
                },
                "north": {
                    "texture": "#texture",
                    "cullface": east
                }
            }
        },
        {
            "from": [15,13,14],
            "to": [16,14,15],
            "faces": {
                "down": {
                    "texture": "#texture",
                    "cullface": east
                },
                "east": {
                    "texture": "#texture",
                    "cullface": east
                },
                "north": {
                    "texture": "#texture",
                    "cullface": east
                }
            }
        },
        {
            "from": [15,2,14],
            "to": [16,3,15],
            "faces": {
                "up": {
                    "texture": "#texture",
                    "cullface": east
                },
                "east": {
                    "texture": "#texture",
                    "cullface": east
                },
                "north": {
                    "texture": "#texture",
                    "cullface": east
                }
            }
        },
        {
            "from": [15,1,13],
            "to": [16,2,14],
            "faces": {
                "up": {
                    "texture": "#texture",
                    "cullface": east
                },
                "east": {
                    "texture": "#texture",
                    "cullface": east
                },
                "north": {
                    "texture": "#texture",
                    "cullface": east
                }
            }
        },
        {
            "from": [15,1,2],
            "to": [16,2,3],
            "faces": {
                "up": {
                    "texture": "#texture",
                    "cullface": east
                },
                "east": {
                    "texture": "#texture",
                    "cullface": east
                },
                "south": {
                    "texture": "#texture",
                    "cullface": east
                }
            }
        },
        {
            "from": [15,2,1],
            "to": [16,3,2],
            "faces": {
                "up": {
                    "texture": "#texture",
                    "cullface": east
                },
                "east": {
                    "texture": "#texture",
                    "cullface": east
                },
                "south": {
                    "texture": "#texture",
                    "cullface": east
                }
            }
        },
        {
            "from": [2,15,1],
            "to": [3,16,2],
            "faces": {
                "up": {
                    "texture": "#texture",
                    "cullface": up
                },
                "east": {
                    "texture": "#texture",
                    "cullface": up
                },
                "south": {
                    "texture": "#texture",
                    "cullface": up
                }
            }
        },
        {
            "from": [1,15,2],
            "to": [2,16,3],
            "faces": {
                "up": {
                    "texture": "#texture",
                    "cullface": up
                },
                "east": {
                    "texture": "#texture",
                    "cullface": up
                },
                "south": {
                    "texture": "#texture",
                    "cullface": up
                }
            }
        },
        {
            "from": [1,15,13],
            "to": [2,16,14],
            "faces": {
                "up": {
                    "texture": "#texture",
                    "cullface": up
                },
                "east": {
                    "texture": "#texture",
                    "cullface": up
                },
                "north": {
                    "texture": "#texture",
                    "cullface": up
                }
            }
        },
        {
            "from": [2,15,14],
            "to": [3,16,15],
            "faces": {
                "up": {
                    "texture": "#texture",
                    "cullface": up
                },
                "east": {
                    "texture": "#texture",
                    "cullface": up
                },
                "north": {
                    "texture": "#texture",
                    "cullface": up
                }
            }
        },
        {
            "from": [14,15,13],
            "to": [15,16,14],
            "faces": {
                "up": {
                    "texture": "#texture",
                    "cullface": up
                },
                "west": {
                    "texture": "#texture",
                    "cullface": up
                },
                "north": {
                    "texture": "#texture",
                    "cullface": up
                }
            }
        },
        {
            "from": [13,15,14],
            "to": [14,16,15],
            "faces": {
                "up": {
                    "texture": "#texture",
                    "cullface": up
                },
                "west": {
                    "texture": "#texture",
                    "cullface": up
                },
                "north": {
                    "texture": "#texture",
                    "cullface": up
                }
            }
        },
        {
            "from": [14,15,2],
            "to": [15,16,3],
            "faces": {
                "up": {
                    "texture": "#texture",
                    "cullface": up
                },
                "west": {
                    "texture": "#texture",
                    "cullface": up
                },
                "south": {
                    "texture": "#texture",
                    "cullface": up
                }
            }
        },
        {
            "from": [13,15,1],
            "to": [14,16,2],
            "faces": {
                "up": {
                    "texture": "#texture",
                    "cullface": up
                },
                "west": {
                    "texture": "#texture",
                    "cullface": up
                },
                "south": {
                    "texture": "#texture",
                    "cullface": up
                }
            }
        },
        {
            "from": [7,0,9],
            "to": [9,1,15],
            "faces": {
                "down": {
                    "texture": "#texture",
                    "cullface": down
                },
                "west": {
                    "texture": "#texture",
                    "cullface": down
                },
                "east": {
                    "texture": "#texture",
                    "cullface": down
                }
            }
        },
        {
            "from": [7,0,1],
            "to": [9,1,7],
            "faces": {
                "down": {
                    "texture": "#texture",
                    "cullface": down
                },
                "west": {
                    "texture": "#texture",
                    "cullface": down
                },
                "east": {
                    "texture": "#texture",
                    "cullface": down
                }
            }
        },
        {
            "from": [15,7,9],
            "to": [16,9,15],
            "faces": {
                "up": {
                    "texture": "#texture",
                    "cullface": east
                },
                "down": {
                    "texture": "#texture",
                    "cullface": east
                },
                "east": {
                    "texture": "#texture",
                    "cullface": east
                }
            }
        },
        {
            "from": [15,7,1],
            "to": [16,9,7],
            "faces": {
                "up": {
                    "texture": "#texture",
                    "cullface": east
                },
                "down": {
                    "texture": "#texture",
                    "cullface": east
                },
                "east": {
                    "texture": "#texture",
                    "cullface": east
                }
            }
        },
        {
            "from": [9,7,15],
            "to": [15,9,16],
            "faces": {
                "up": {
                    "texture": "#texture",
                    "cullface": south
                },
                "down": {
                    "texture": "#texture",
                    "cullface": south
                },
                "south": {
                    "texture": "#texture",
                    "cullface": south
                }
            }
        },
        {
            "from": [1,7,15],
            "to": [7,9,16],
            "faces": {
                "up": {
                    "texture": "#texture",
                    "cullface": south
                },
                "down": {
                    "texture": "#texture",
                    "cullface": south
                },
                "south": {
                    "texture": "#texture",
                    "cullface": south
                }
            }
        },
        {
            "from": [13,1,15],
            "to": [14,2,16],
            "faces": {
                "up": {
                    "texture": "#texture",
                    "cullface": south
                },
                "west": {
                    "texture": "#texture",
                    "cullface": south
                },
                "south": {
                    "texture": "#texture",
                    "cullface": south
                }
            }
        },
        {
            "from": [14,2,15],
            "to": [15,3,16],
            "faces": {
                "up": {
                    "texture": "#texture",
                    "cullface": south
                },
                "west": {
                    "texture": "#texture",
                    "cullface": south
                },
                "south": {
                    "texture": "#texture",
                    "cullface": south
                }
            }
        },
        {
            "from": [2,1,15],
            "to": [3,2,16],
            "faces": {
                "up": {
                    "texture": "#texture",
                    "cullface": south
                },
                "east": {
                    "texture": "#texture",
                    "cullface": south
                },
                "south": {
                    "texture": "#texture",
                    "cullface": south
                }
            }
        },
        {
            "from": [1,2,15],
            "to": [2,3,16],
            "faces": {
                "up": {
                    "texture": "#texture",
                    "cullface": south
                },
                "east": {
                    "texture": "#texture",
                    "cullface": south
                },
                "south": {
                    "texture": "#texture",
                    "cullface": south
                }
            }
        },
        {
            "from": [1,13,15],
            "to": [2,14,16],
            "faces": {
                "down": {
                    "texture": "#texture",
                    "cullface": south
                },
                "east": {
                    "texture": "#texture",
                    "cullface": south
                },
                "south": {
                    "texture": "#texture",
                    "cullface": south
                }
            }
        },
        {
            "from": [2,14,15],
            "to": [3,15,16],
            "faces": {
                "down": {
                    "texture": "#texture",
                    "cullface": south
                },
                "east": {
                    "texture": "#texture",
                    "cullface": south
                },
                "south": {
                    "texture": "#texture",
                    "cullface": south
                }
            }
        },
        {
            "from": [14,13,15],
            "to": [15,14,16],
            "faces": {
                "down": {
                    "texture": "#texture",
                    "cullface": south
                },
                "west": {
                    "texture": "#texture",
                    "cullface": south
                },
                "south": {
                    "texture": "#texture",
                    "cullface": south
                }
            }
        },
        {
            "from": [13,14,15],
            "to": [14,15,16],
            "faces": {
                "down": {
                    "texture": "#texture",
                    "cullface": south
                },
                "west": {
                    "texture": "#texture",
                    "cullface": south
                },
                "south": {
                    "texture": "#texture",
                    "cullface": south
                }
            }
        },
        {
            "from": [0,13,14],
            "to": [1,14,15],
            "faces": {
                "down": {
                    "texture": "#texture",
                    "cullface": west
                },
                "west": {
                    "texture": "#texture",
                    "cullface": west
                },
                "north": {
                    "texture": "#texture",
                    "cullface": west
                }
            }
        },
        {
            "from": [0,14,13],
            "to": [1,15,14],
            "faces": {
                "down": {
                    "texture": "#texture",
                    "cullface": west
                },
                "west": {
                    "texture": "#texture",
                    "cullface": west
                },
                "north": {
                    "texture": "#texture",
                    "cullface": west
                }
            }
        },
        {
            "from": [0,13,1],
            "to": [1,14,2],
            "faces": {
                "down": {
                    "texture": "#texture",
                    "cullface": west
                },
                "west": {
                    "texture": "#texture",
                    "cullface": west
                },
                "south": {
                    "texture": "#texture",
                    "cullface": west
                }
            }
        },
        {
            "from": [0,14,2],
            "to": [1,15,3],
            "faces": {
                "down": {
                    "texture": "#texture",
                    "cullface": west
                },
                "west": {
                    "texture": "#texture",
                    "cullface": west
                },
                "south": {
                    "texture": "#texture",
                    "cullface": west
                }
            }
        },
        {
            "from": [0,1,13],
            "to": [1,2,14],
            "faces": {
                "up": {
                    "texture": "#texture",
                    "cullface": west
                },
                "west": {
                    "texture": "#texture",
                    "cullface": west
                },
                "north": {
                    "texture": "#texture",
                    "cullface": west
                }
            }
        },
        {
            "from": [0,2,14],
            "to": [1,3,15],
            "faces": {
                "up": {
                    "texture": "#texture",
                    "cullface": west
                },
                "west": {
                    "texture": "#texture",
                    "cullface": west
                },
                "north": {
                    "texture": "#texture",
                    "cullface": west
                }
            }
        },
        {
            "from": [0,1,2],
            "to": [1,2,3],
            "faces": {
                "up": {
                    "texture": "#texture",
                    "cullface": west
                },
                "west": {
                    "texture": "#texture",
                    "cullface": west
                },
                "south": {
                    "texture": "#texture",
                    "cullface": west
                }
            }
        },
        {
            "from": [0,2,1],
            "to": [1,3,2],
            "faces": {
                "up": {
                    "texture": "#texture",
                    "cullface": west
                },
                "west": {
                    "texture": "#texture",
                    "cullface": west
                },
                "south": {
                    "texture": "#texture",
                    "cullface": west
                }
            }
        },
        {
            "from": [14,0,2],
            "to": [15,1,3],
            "faces": {
                "down": {
                    "texture": "#texture",
                    "cullface": down
                },
                "west": {
                    "texture": "#texture",
                    "cullface": down
                },
                "south": {
                    "texture": "#texture",
                    "cullface": down
                }
            }
        },
        {
            "from": [13,0,1],
            "to": [14,1,2],
            "faces": {
                "down": {
                    "texture": "#texture",
                    "cullface": down
                },
                "west": {
                    "texture": "#texture",
                    "cullface": down
                },
                "south": {
                    "texture": "#texture",
                    "cullface": down
                }
            }
        },
        {
            "from": [14,0,13],
            "to": [15,1,14],
            "faces": {
                "down": {
                    "texture": "#texture",
                    "cullface": down
                },
                "west": {
                    "texture": "#texture",
                    "cullface": down
                },
                "north": {
                    "texture": "#texture",
                    "cullface": down
                }
            }
        },
        {
            "from": [13,0,14],
            "to": [14,1,15],
            "faces": {
                "down": {
                    "texture": "#texture",
                    "cullface": down
                },
                "west": {
                    "texture": "#texture",
                    "cullface": down
                },
                "north": {
                    "texture": "#texture",
                    "cullface": down
                }
            }
        },
        {
            "from": [2,0,1],
            "to": [3,1,2],
            "faces": {
                "down": {
                    "texture": "#texture",
                    "cullface": down
                },
                "east": {
                    "texture": "#texture",
                    "cullface": down
                },
                "south": {
                    "texture": "#texture",
                    "cullface": down
                }
            }
        },
        {
            "from": [1,0,2],
            "to": [2,1,3],
            "faces": {
                "down": {
                    "texture": "#texture",
                    "cullface": down
                },
                "east": {
                    "texture": "#texture",
                    "cullface": down
                },
                "south": {
                    "texture": "#texture",
                    "cullface": down
                }
            }
        },
        {
            "from": [1,0,13],
            "to": [2,1,14],
            "faces": {
                "down": {
                    "texture": "#texture",
                    "cullface": down
                },
                "east": {
                    "texture": "#texture",
                    "cullface": down
                },
                "north": {
                    "texture": "#texture",
                    "cullface": down
                }
            }
        },
        {
            "from": [2,0,14],
            "to": [3,1,15],
            "faces": {
                "down": {
                    "texture": "#texture",
                    "cullface": down
                },
                "east": {
                    "texture": "#texture",
                    "cullface": down
                },
                "north": {
                    "texture": "#texture",
                    "cullface": down
                }
            }
        },
        {
            "from": [6,15,9],
            "to": [7,16,10],
            "faces": {
                "up": {
                    "texture": "#texture",
                    "cullface": up
                },
                "west": {
                    "texture": "#texture",
                    "cullface": up
                },
                "south": {
                    "texture": "#texture",
                    "cullface": up
                }
            }
        },
        {
            "from": [6,15,6],
            "to": [7,16,7],
            "faces": {
                "up": {
                    "texture": "#texture",
                    "cullface": up
                },
                "west": {
                    "texture": "#texture",
                    "cullface": up
                },
                "north": {
                    "texture": "#texture",
                    "cullface": up
                }
            }
        },
        {
            "from": [9,15,6],
            "to": [10,16,7],
            "faces": {
                "up": {
                    "texture": "#texture",
                    "cullface": up
                },
                "east": {
                    "texture": "#texture",
                    "cullface": up
                },
                "north": {
                    "texture": "#texture",
                    "cullface": up
                }
            }
        },
        {
            "from": [9,15,9],
            "to": [10,16,10],
            "faces": {
                "up": {
                    "texture": "#texture",
                    "cullface": up
                },
                "east": {
                    "texture": "#texture",
                    "cullface": up
                },
                "south": {
                    "texture": "#texture",
                    "cullface": up
                }
            }
        },
        {
            "from": [6,0,9],
            "to": [7,1,10],
            "faces": {
                "down": {
                    "texture": "#texture",
                    "cullface": down
                },
                "west": {
                    "texture": "#texture",
                    "cullface": down
                },
                "south": {
                    "texture": "#texture",
                    "cullface": down
                }
            }
        },
        {
            "from": [9,0,9],
            "to": [10,1,10],
            "faces": {
                "down": {
                    "texture": "#texture",
                    "cullface": down
                },
                "east": {
                    "texture": "#texture",
                    "cullface": down
                },
                "south": {
                    "texture": "#texture",
                    "cullface": down
                }
            }
        },
        {
            "from": [9,0,6],
            "to": [10,1,7],
            "faces": {
                "down": {
                    "texture": "#texture",
                    "cullface": down
                },
                "east": {
                    "texture": "#texture",
                    "cullface": down
                },
                "north": {
                    "texture": "#texture",
                    "cullface": down
                }
            }
        },
        {
            "from": [6,0,6],
            "to": [7,1,7],
            "faces": {
                "down": {
                    "texture": "#texture",
                    "cullface": down
                },
                "west": {
                    "texture": "#texture",
                    "cullface": down
                },
                "north": {
                    "texture": "#texture",
                    "cullface": down
                }
            }
        },
        {
            "from": [15,6,6],
            "to": [16,7,7],
            "faces": {
                "down": {
                    "texture": "#texture",
                    "cullface": east
                },
                "east": {
                    "texture": "#texture",
                    "cullface": east
                },
                "north": {
                    "texture": "#texture",
                    "cullface": east
                }
            }
        },
        {
            "from": [15,9,6],
            "to": [16,10,7],
            "faces": {
                "up": {
                    "texture": "#texture",
                    "cullface": east
                },
                "east": {
                    "texture": "#texture",
                    "cullface": east
                },
                "north": {
                    "texture": "#texture",
                    "cullface": east
                }
            }
        },
        {
            "from": [15,9,9],
            "to": [16,10,10],
            "faces": {
                "up": {
                    "texture": "#texture",
                    "cullface": east
                },
                "east": {
                    "texture": "#texture",
                    "cullface": east
                },
                "south": {
                    "texture": "#texture",
                    "cullface": east
                }
            }
        },
        {
            "from": [15,6,9],
            "to": [16,7,10],
            "faces": {
                "down": {
                    "texture": "#texture",
                    "cullface": east
                },
                "east": {
                    "texture": "#texture",
                    "cullface": east
                },
                "south": {
                    "texture": "#texture",
                    "cullface": east
                }
            }
        },
        {
            "from": [6,6,0],
            "to": [7,7,1],
            "faces": {
                "down": {
                    "texture": "#texture",
                    "cullface": north
                },
                "west": {
                    "texture": "#texture",
                    "cullface": north
                },
                "north": {
                    "texture": "#texture",
                    "cullface": north
                }
            }
        },
        {
            "from": [9,6,0],
            "to": [10,7,1],
            "faces": {
                "down": {
                    "texture": "#texture",
                    "cullface": north
                },
                "east": {
                    "texture": "#texture",
                    "cullface": north
                },
                "north": {
                    "texture": "#texture",
                    "cullface": north
                }
            }
        },
        {
            "from": [9,9,0],
            "to": [10,10,1],
            "faces": {
                "up": {
                    "texture": "#texture",
                    "cullface": north
                },
                "east": {
                    "texture": "#texture",
                    "cullface": north
                },
                "north": {
                    "texture": "#texture",
                    "cullface": north
                }
            }
        },
        {
            "from": [6,9,0],
            "to": [7,10,1],
            "faces": {
                "up": {
                    "texture": "#texture",
                    "cullface": north
                },
                "west": {
                    "texture": "#texture",
                    "cullface": north
                },
                "north": {
                    "texture": "#texture",
                    "cullface": north
                }
            }
        },
        {
            "from": [0,9,9],
            "to": [1,10,10],
            "faces": {
                "up": {
                    "texture": "#texture",
                    "cullface": west
                },
                "west": {
                    "texture": "#texture",
                    "cullface": west
                },
                "north": {
                    "texture": "#texture"
                }
            }
        },
        {
            "from": [0,6,6],
            "to": [1,7,7],
            "faces": {
                "down": {
                    "texture": "#texture",
                    "cullface": west
                },
                "west": {
                    "texture": "#texture",
                    "cullface": west
                },
                "north": {
                    "texture": "#texture",
                    "cullface": west
                }
            }
        },
        {
            "from": [0,6,9],
            "to": [1,7,10],
            "faces": {
                "down": {
                    "texture": "#texture",
                    "cullface": west
                },
                "west": {
                    "texture": "#texture",
                    "cullface": west
                },
                "south": {
                    "texture": "#texture",
                    "cullface": west
                }
            }
        },
        {
            "from": [0,9,6],
            "to": [1,10,7],
            "faces": {
                "up": {
                    "texture": "#texture",
                    "cullface": west
                },
                "west": {
                    "texture": "#texture",
                    "cullface": west
                },
                "south": {
                    "texture": "#texture"
                }
            }
        },
        {
            "from": [9,6,15],
            "to": [10,7,16],
            "faces": {
                "down": {
                    "texture": "#texture",
                    "cullface": south
                },
                "east": {
                    "texture": "#texture",
                    "cullface": south
                },
                "south": {
                    "texture": "#texture",
                    "cullface": south
                }
            }
        },
        {
            "from": [6,6,15],
            "to": [7,7,16],
            "faces": {
                "down": {
                    "texture": "#texture",
                    "cullface": south
                },
                "west": {
                    "texture": "#texture",
                    "cullface": south
                },
                "south": {
                    "texture": "#texture",
                    "cullface": south
                }
            }
        },
        {
            "from": [6,9,15],
            "to": [7,10,16],
            "faces": {
                "up": {
                    "texture": "#texture",
                    "cullface": south
                },
                "west": {
                    "texture": "#texture",
                    "cullface": south
                },
                "south": {
                    "texture": "#texture",
                    "cullface": south
                }
            }
        },
        {
            "from": [9,9,15],
            "to": [10,10,16],
            "faces": {
                "up": {
                    "texture": "#texture",
                    "cullface": south
                },
                "east": {
                    "texture": "#texture",
                    "cullface": south
                },
                "south": {
                    "texture": "#texture",
                    "cullface": south
                }
            }
        },
        {
            "from": [7,15,9],
            "to": [9,16,15],
            "faces": {
                "up": {
                    "texture": "#texture",
                    "cullface": up
                },
                "west": {
                    "texture": "#texture",
                    "cullface": up
                },
                "east": {
                    "texture": "#texture",
                    "cullface": up
                }
            }
        },
        {
            "from": [7,15,1],
            "to": [9,16,7],
            "faces": {
                "up": {
                    "texture": "#texture",
                    "cullface": up
                },
                "west": {
                    "texture": "#texture",
                    "cullface": up
                },
                "east": {
                    "texture": "#texture",
                    "cullface": up
                }
            }
        },
        {
            "from": [1,15,7],
            "to": [15,16,9],
            "faces": {
                "up": {
                    "texture": "#texture",
                    "cullface": up
                },
                "north": {
                    "texture": "#texture",
                    "cullface": up
                },
                "south": {
                    "texture": "#texture",
                    "cullface": up
                }
            }
        },
        {
            "from": [7,1,0],
            "to": [9,15,1],
            "faces": {
                "west": {
                    "texture": "#texture",
                    "cullface": north
                },
                "east": {
                    "texture": "#texture",
                    "cullface": north
                },
                "north": {
                    "texture": "#texture",
                    "cullface": north
                }
            }
        },
        {
            "from": [9,7,0],
            "to": [15,9,1],
            "faces": {
                "up": {
                    "texture": "#texture",
                    "cullface": north
                },
                "down": {
                    "texture": "#texture",
                    "cullface": north
                },
                "north": {
                    "texture": "#texture",
                    "cullface": north
                }
            }
        },
        {
            "from": [1,7,0],
            "to": [7,9,1],
            "faces": {
                "up": {
                    "texture": "#texture",
                    "cullface": north
                },
                "down": {
                    "texture": "#texture",
                    "cullface": north
                },
                "north": {
                    "texture": "#texture",
                    "cullface": north
                }
            }
        },
        {
            "from": [0,1,7],
            "to": [1,15,9],
            "faces": {
                "west": {
                    "texture": "#texture",
                    "cullface": west
                },
                "north": {
                    "texture": "#texture",
                    "cullface": west
                },
                "south": {
                    "texture": "#texture",
                    "cullface": west
                }
            }
        },
        {
            "from": [0,7,1],
            "to": [1,9,7],
            "faces": {
                "up": {
                    "texture": "#texture",
                    "cullface": west
                },
                "down": {
                    "texture": "#texture",
                    "cullface": west
                },
                "west": {
                    "texture": "#texture",
                    "cullface": west
                }
            }
        },
        {
            "from": [0,7,9],
            "to": [1,9,15],
            "faces": {
                "up": {
                    "texture": "#texture",
                    "cullface": west
                },
                "down": {
                    "texture": "#texture",
                    "cullface": west
                },
                "west": {
                    "texture": "#texture",
                    "cullface": west
                }
            }
        }
    ]
}