{
    "__createdwith": "opl's Model Creator",
    "ambientocclusion": true,
    "textures": {
        "candy_cane": "blocks/candy_cane",
        "particle": "blocks/flower_tulip_red"
    },
    "elements": [
        {
            "from": [7,0,7],
            "to": [8,6,8],
            "faces": {
                "up": {
                    "uv": [7,6,8,7],
                    "texture": "#candy_cane"
                },
                "west": {
                    "texture": "#candy_cane"
                },
                "east": {
                    "texture": "#candy_cane"
                },
                "north": {
                    "texture": "#candy_cane"
                },
                "south": {
                    "texture": "#candy_cane"
                }
            }
        },
        {
            "from": [2,0,5],
            "to": [3,8,6],
            "faces": {
                "up": {
                    "uv": [3,5,4,6],
                    "texture": "#candy_cane"
                },
                "west": {
                    "uv": [5,7,6,15],
                    "texture": "#candy_cane"
                },
                "east": {
                    "uv": [5,7,6,15],
                    "texture": "#candy_cane"
                },
                "north": {
                    "texture": "#candy_cane"
                },
                "south": {
                    "texture": "#candy_cane"
                }
            }
        },
        {
            "from": [7,0,2],
            "to": [8,11,3],
            "faces": {
                "up": {
                    "uv": [7,3,8,4],
                    "texture": "#candy_cane"
                },
                "west": {
                    "uv": [2,4,3,15],
                    "texture": "#candy_cane"
                },
                "east": {
                    "uv": [2,4,3,15],
                    "texture": "#candy_cane"
                },
                "north": {
                    "texture": "#candy_cane"
                },
                "south": {
                    "uv": [7,5,8,16],
                    "texture": "#candy_cane"
                }
            }
        },
        {
            "from": [13,0,3],
            "to": [14,14,4],
            "faces": {
                "up": {
                    "texture": "#candy_cane"
                },
                "west": {
                    "uv": [3,1,4,15],
                    "texture": "#candy_cane"
                },
                "east": {
                    "uv": [4,2,5,16],
                    "texture": "#candy_cane"
                },
                "north": {
                    "uv": [12,2,13,16],
                    "texture": "#candy_cane"
                },
                "south": {
                    "uv": [14,2,15,16],
                    "texture": "#candy_cane"
                }
            }
        },
        {
            "from": [13,0,10],
            "to": [14,11,11],
            "faces": {
                "up": {
                    "uv": [12,10,13,11],
                    "texture": "#candy_cane"
                },
                "west": {
                    "uv": [9,5,10,16],
                    "texture": "#candy_cane"
                },
                "east": {
                    "uv": [9,5,10,16],
                    "texture": "#candy_cane"
                },
                "north": {
                    "texture": "#candy_cane"
                },
                "south": {
                    "texture": "#candy_cane"
                }
            }
        },
        {
            "from": [5,0,12],
            "to": [6,14,13],
            "faces": {
                "up": {
                    "uv": [6,12,7,13],
                    "texture": "#candy_cane"
                },
                "west": {
                    "texture": "#candy_cane"
                },
                "east": {
                    "texture": "#candy_cane"
                },
                "north": {
                    "uv": [5,1,6,15],
                    "texture": "#candy_cane"
                },
                "south": {
                    "uv": [6,2,7,16],
                    "texture": "#candy_cane"
                }
            }
        },
        {
            "from": [13,11,9],
            "to": [14,12,10],
            "faces": {
                "up": {
                    "uv": [13,8,14,9],
                    "texture": "#candy_cane"
                },
                "down": {
                    "uv": [13,8,14,9],
                    "texture": "#candy_cane"
                },
                "west": {
                    "texture": "#candy_cane"
                },
                "east": {
                    "texture": "#candy_cane"
                },
                "north": {
                    "texture": "#candy_cane"
                },
                "south": {
                    "texture": "#candy_cane"
                }
            }
        },
        {
            "from": [5,14,13],
            "to": [6,15,14],
            "faces": {
                "up": {
                    "uv": [6,13,7,14],
                    "texture": "#candy_cane"
                },
                "down": {
                    "uv": [5,12,6,13],
                    "texture": "#candy_cane"
                },
                "west": {
                    "uv": [13,2,14,3],
                    "texture": "#candy_cane"
                },
                "east": {
                    "uv": [13,2,14,3],
                    "texture": "#candy_cane"
                },
                "north": {
                    "uv": [6,1,7,2],
                    "texture": "#candy_cane"
                },
                "south": {
                    "uv": [6,1,7,2],
                    "texture": "#candy_cane"
                }
            }
        },
        {
            "from": [12,14,3],
            "to": [13,15,4],
            "faces": {
                "up": {
                    "texture": "#candy_cane"
                },
                "down": {
                    "texture": "#candy_cane"
                },
                "west": {
                    "uv": [4,1,5,2],
                    "texture": "#candy_cane"
                },
                "east": {
                    "uv": [3,2,4,3],
                    "texture": "#candy_cane"
                },
                "north": {
                    "texture": "#candy_cane"
                },
                "south": {
                    "texture": "#candy_cane"
                }
            }
        },
        {
            "from": [11,12,3],
            "to": [12,14,4],
            "faces": {
                "up": {
                    "texture": "#candy_cane"
                },
                "down": {
                    "uv": [10,3,11,4],
                    "texture": "#candy_cane"
                },
                "west": {
                    "uv": [4,2,5,4],
                    "texture": "#candy_cane"
                },
                "east": {
                    "uv": [4,2,5,4],
                    "texture": "#candy_cane"
                },
                "north": {
                    "uv": [10,2,11,4],
                    "texture": "#candy_cane"
                },
                "south": {
                    "uv": [10,2,11,4],
                    "texture": "#candy_cane"
                }
            }
        },
        {
            "from": [5,12,14],
            "to": [6,14,15],
            "faces": {
                "up": {
                    "uv": [5,13,6,14],
                    "texture": "#candy_cane"
                },
                "down": {
                    "texture": "#candy_cane"
                },
                "west": {
                    "uv": [14,2,15,4],
                    "texture": "#candy_cane"
                },
                "east": {
                    "texture": "#candy_cane"
                },
                "north": {
                    "uv": [5,3,6,5],
                    "texture": "#candy_cane"
                },
                "south": {
                    "uv": [6,2,7,4],
                    "texture": "#candy_cane"
                }
            }
        },
        {
            "from": [13,9,8],
            "to": [14,11,9],
            "faces": {
                "up": {
                    "uv": [12,8,13,9],
                    "texture": "#candy_cane"
                },
                "down": {
                    "texture": "#candy_cane"
                },
                "west": {
                    "uv": [8,6,9,8],
                    "texture": "#candy_cane"
                },
                "east": {
                    "uv": [8,6,9,8],
                    "texture": "#candy_cane"
                },
                "north": {
                    "texture": "#candy_cane"
                },
                "south": {
                    "texture": "#candy_cane"
                }
            }
        },
        {
            "from": [8,6,7],
            "to": [9,7,8],
            "faces": {
                "up": {
                    "uv": [8,6,9,7],
                    "texture": "#candy_cane"
                },
                "down": {
                    "uv": [8,8,9,9],
                    "texture": "#candy_cane"
                },
                "west": {
                    "texture": "#candy_cane"
                },
                "east": {
                    "texture": "#candy_cane"
                },
                "north": {
                    "uv": [8,8,9,9],
                    "texture": "#candy_cane"
                },
                "south": {
                    "uv": [7,9,8,10],
                    "texture": "#candy_cane"
                }
            }
        },
        {
            "from": [9,5,7],
            "to": [10,6,8],
            "faces": {
                "up": {
                    "uv": [9,6,10,7],
                    "texture": "#candy_cane"
                },
                "down": {
                    "uv": [10,7,11,8],
                    "texture": "#candy_cane"
                },
                "west": {
                    "texture": "#candy_cane"
                },
                "east": {
                    "texture": "#candy_cane"
                },
                "north": {
                    "texture": "#candy_cane"
                },
                "south": {
                    "texture": "#candy_cane"
                }
            }
        },
        {
            "from": [7,11,3],
            "to": [8,12,4],
            "faces": {
                "up": {
                    "uv": [6,3,7,4],
                    "texture": "#candy_cane"
                },
                "down": {
                    "uv": [7,2,8,3],
                    "texture": "#candy_cane"
                },
                "west": {
                    "texture": "#candy_cane"
                },
                "east": {
                    "texture": "#candy_cane"
                },
                "north": {
                    "texture": "#candy_cane"
                },
                "south": {
                    "texture": "#candy_cane"
                }
            }
        },
        {
            "from": [7,9,4],
            "to": [8,11,5],
            "faces": {
                "up": {
                    "uv": [7,3,8,4],
                    "texture": "#candy_cane"
                },
                "down": {
                    "texture": "#candy_cane"
                },
                "west": {
                    "uv": [4,6,5,8],
                    "texture": "#candy_cane"
                },
                "east": {
                    "uv": [4,6,5,8],
                    "texture": "#candy_cane"
                },
                "north": {
                    "texture": "#candy_cane"
                },
                "south": {
                    "texture": "#candy_cane"
                }
            }
        },
        {
            "from": [3,8,5],
            "to": [4,9,6],
            "faces": {
                "up": {
                    "uv": [4,5,5,6],
                    "texture": "#candy_cane"
                },
                "down": {
                    "uv": [4,5,5,6],
                    "texture": "#candy_cane"
                },
                "west": {
                    "uv": [5,6,6,7],
                    "texture": "#candy_cane"
                },
                "east": {
                    "uv": [5,6,6,7],
                    "texture": "#candy_cane"
                },
                "north": {
                    "uv": [3,6,4,7],
                    "texture": "#candy_cane"
                },
                "south": {
                    "uv": [3,6,4,7],
                    "texture": "#candy_cane"
                }
            }
        },
        {
            "from": [4,7,5],
            "to": [5,8,6],
            "faces": {
                "up": {
                    "uv": [3,5,4,6],
                    "texture": "#candy_cane"
                },
                "down": {
                    "uv": [5,5,6,6],
                    "texture": "#candy_cane"
                },
                "west": {
                    "uv": [5,7,6,8],
                    "texture": "#candy_cane"
                },
                "east": {
                    "uv": [6,8,7,9],
                    "texture": "#candy_cane"
                },
                "north": {
                    "texture": "#candy_cane"
                },
                "south": {
                    "texture": "#candy_cane"
                }
            }
        }
    ]
}